param_colsample_bytree,param_gamma,param_learning_rate,param_max_cat_to_onehot,param_max_depth,param_min_child_weight,param_n_estimators,param_reg_alpha,param_reg_lambda,param_subsample,mean_test_score,mean_fit_time
0.40995,2.56047,0.03693,8,10,33,839,0.08225,8.4644,0.87028,0.82475,957.89448
0.41886,3.18205,0.04685,8,7,30,684,0.00836,0.87964,0.90222,0.82391,82.54545
0.46088,3.31751,0.02028,8,9,18,362,0.25798,0.32813,0.88487,0.82082,47.16819
0.53728,0.3849,0.04383,8,7,2,881,0.97547,2.86735,0.94858,0.81992,90.75842
0.62063,1.32601,0.03872,8,9,8,482,0.04044,0.63906,0.85804,0.81966,60.71094
0.66867,2.76447,0.09956,1,6,17,493,0.02293,2.85072,0.85341,0.81882,40.53091
0.50402,1.9553,0.03276,8,5,6,765,0.10526,0.26629,0.98783,0.8188,71.63041
0.60257,4.71455,0.04799,8,11,12,709,0.37636,4.35468,0.65923,0.81859,78.20042
0.84113,1.04536,0.08666,8,6,7,343,1.0541,1.89467,0.81186,0.81654,35.44472
0.44473,4.93443,0.16191,8,11,24,262,1.03841,4.23155,0.8916,0.81599,21.5053
0.5198,2.57117,0.09949,1,8,7,220,0.04639,0.10728,0.97688,0.8158,23.42376
0.76067,3.54036,0.02115,8,11,30,585,0.00471,0.26425,0.7217,0.81558,75.77381
0.68197,1.3978,0.21883,8,4,37,479,0.01673,1.87038,0.82892,0.81521,31.70949
0.73797,1.92708,0.02088,8,7,28,566,0.3368,2.53291,0.93328,0.81485,49.71506
0.62472,4.75357,0.14518,1,8,39,321,0.00378,0.13604,0.94647,0.8134,25.30719
0.71485,2.15973,0.04401,1,10,28,899,0.02265,1.12055,0.91407,0.81315,104.57128
0.86276,0.37022,0.0528,1,7,7,400,0.2021,0.57731,0.62542,0.81306,42.10429
0.80135,4.32084,0.0373,8,6,4,746,0.6964,0.12599,0.99782,0.81287,49.69081
0.93225,3.89938,0.11379,1,4,8,619,2.10729,2.48549,0.60368,0.81235,40.8775
0.90672,3.7366,0.08625,8,5,25,387,0.10172,0.21099,0.92088,0.81017,32.75042
0.58659,1.62592,0.14425,8,9,27,746,0.05581,0.18845,0.8853,0.80777,3542.50329
0.85647,2.80639,0.16135,1,6,9,406,0.03815,0.11442,0.64316,0.80771,48.03346
0.9882,0.37673,0.04577,8,10,33,455,0.06238,0.72038,0.75788,0.80602,48.94979
0.72146,0.45145,0.19205,8,6,6,663,0.00142,2.28909,0.87103,0.80433,50.6684
0.54235,1.627,0.151,8,11,7,394,0.2707,2.03093,0.63747,0.80397,63.71377
0.65626,4.09007,0.20574,1,9,8,610,0.03499,0.3244,0.64795,0.8015,59.4515
0.54511,0.46551,0.22711,1,11,9,432,0.01958,4.68216,0.95884,0.80066,69.2812
0.86508,4.69749,0.22565,8,10,15,655,0.12884,1.57927,0.98447,0.79834,46.59588
0.8822,0.93285,0.22426,1,11,28,672,0.01501,0.17916,0.69117,0.78967,94.4326
0.99864,1.33391,0.28159,8,9,23,424,0.22205,3.68403,0.81237,0.78607,66.28596
